feed_intake_kg,age_months,body_weight_kg,pasture_quality_index,lactation_days,herd_size,temp_c,humidity_pct,protein_pct_feed,energy_density_mjkg,vet_visits_per_year,parasite_index,age_group,weight_category,pasture_rating,temperature_category,milk_yield_l,high_yield
16.68700384,33.44120791,545.3235212,73.12620327,109.7860002,64.16108306,14.44490193,59.74474796,18.21306819,12.09705796,2.239598256,12.45969379,2-3 yrs,Heavy,Average,Cool,424.7103597,High
23.17657635,35.06123959,520.3038592,61.40324516,87.12451479,35.2779706,24.78819279,40.50625923,14.81916097,11.91492045,3.207111244,9.7252088,2-3 yrs,Heavy,Average,Moderate,386.5102222,Low
19.60039883,30.5647583,373.3650131,73.2740167,154.6510332,59.52521611,18.47567176,65.1153755,15.38124707,10.43349426,2.202724629,9.570786012,2-3 yrs,Medium,Average,Moderate,343.0142237,High
20.13346631,13.62451765,495.8445423,73.95508453,103.4271451,32.68124217,23.60818501,63.5597177,13.63231082,12.92648702,4.071118607,10.91217155,1-2 yrs,Medium,Average,Moderate,408.7013072,High
19.31466879,22.70552953,488.9396019,86.46374424,131.0355694,62.06110383,24.96305838,64.7858829,18.07954621,9.495569974,2.19877455,13.16772808,1-2 yrs,Medium,Excellent,Moderate,406.6596181,High
21.92930687,29.90389428,363.6170869,65.245456,99.4121645,26.20231007,28.7120145,61.8150617,16.06733233,13.18970737,2.283065295,16.286513,2-3 yrs,Medium,Average,Hot,314.9449553,Low
19.65914449,31.80217777,464.0129555,45.8676073,117.9603104,63.19941229,30.10462096,84.15187967,17.71951125,11.70869368,2.971656286,8.78739317,2-3 yrs,Medium,Poor,Hot,377.5368425,Low
22.37185953,28.03524406,602.830694,63.09643978,104.6264414,49.24843407,28.27818886,81.62012783,15.81164257,14.84300118,2.467171499,10.85822463,2-3 yrs,Heavy,Average,Hot,468.8059446,High
17.30455163,19.12080779,557.9311199,53.87515,88.84803957,24.40386326,26.17724406,63.94409738,13.20754643,10.40757301,2.081461883,8.609804987,1-2 yrs,Heavy,Average,Hot,433.1825564,High
21.27363412,33.73211921,535.9721786,63.82144336,127.7045107,32.58823719,20.86672186,70.10207968,17.55135222,13.49629557,4.03764258,14.4829273,2-3 yrs,Heavy,Average,Moderate,431.5063482,High
21.34663047,38.33700352,403.8017066,51.53619122,76.34732293,73.61529548,26.06425022,66.35782348,16.38628737,12.72629411,4.552338568,13.62584441,3-4 yrs,Medium,Average,Hot,306.5721026,Low
23.94666706,51.3868878,469.232874,64.07106481,155.2051011,57.05121176,34.38396041,85.44716133,16.98953857,12.57520139,2.942361073,10.39128255,4-5 yrs,Medium,Average,Hot,397.2025913,Low
18.08392629,34.49318417,467.0596798,67.01084892,143.8085397,44.44702263,30.11907169,78.73420749,19.14946026,14.12156559,4.201775496,14.01410743,2-3 yrs,Medium,Average,Hot,397.4281064,Low
21.89310715,49.98486779,492.6417658,69.38184945,66.46914516,60.55818571,22.16672904,77.71752716,17.54618488,15.92541101,3.111575133,15.76540127,4-5 yrs,Medium,Average,Moderate,374.6047223,High
18.59296248,38.7202688,544.7266959,75.73342362,112.9292873,38.96188476,25.251233,54.07683388,14.33485535,12.48274037,4.035051533,7.50666465,3-4 yrs,Heavy,Excellent,Hot,421.0551534,Low
22.2018757,31.46614097,353.8115165,84.32916827,168.2049726,82.46399767,23.33474038,78.89102138,15.88252246,11.91009782,2.811818816,7.385687453,2-3 yrs,Medium,Excellent,Moderate,339.6506588,Low
18.356422,37.67393413,458.0943076,73.13484039,164.1603224,44.2335208,23.14913687,72.94724195,13.51556523,13.64727299,2.991200461,13.15963111,3-4 yrs,Medium,Average,Moderate,406.3782326,Low
24.62080132,33.10047472,657.5750082,68.99647334,136.053966,43.4124482,29.69345732,62.76860456,16.39357716,13.07806636,3.468813372,10.68435052,2-3 yrs,Heavy,Average,Hot,507.1329725,High
21.99309734,33.08694913,445.3463927,56.54931612,97.74453425,28.19163214,13.75701767,68.72184803,13.3674849,11.96184143,2.73275283,13.59129315,2-3 yrs,Medium,Average,Cool,366.5609915,Low
20.94398555,46.07530177,537.3679434,70.85986265,125.2695143,49.83831766,16.80508572,64.74402604,16.81596042,14.1729607,3.296600452,8.846545871,3-4 yrs,Heavy,Average,Moderate,425.7220946,High
23.01606938,31.86321878,586.2745722,77.06530477,109.4356175,31.07685646,25.31494001,39.71701747,17.22293578,13.14749058,3.223284463,9.786477923,2-3 yrs,Heavy,Excellent,Hot,450.6155516,High
19.48655249,33.32147752,519.7546282,39.17967754,103.562308,15.97367659,20.52895974,74.42722448,19.81960576,14.69433072,4.299642918,12.27437894,2-3 yrs,Heavy,Poor,Moderate,404.3919426,Low
20.79819585,28.04204318,584.7887857,63.17290233,86.23373183,-0.384832585,26.95442655,64.07600512,14.17731303,10.94635171,2.647982994,12.50460168,2-3 yrs,Heavy,Average,Hot,443.1048336,High
22.01610528,41.295738,558.7020184,59.20079417,121.8760585,50.02692265,25.13935498,70.30581357,15.82757499,12.22662461,3.010857463,13.24375766,3-4 yrs,Heavy,Average,Hot,424.418908,High
21.77504668,41.87333527,549.8976053,73.50394319,110.3671832,91.52028781,27.76603551,52.43861882,15.37247475,11.87378135,2.973418138,8.629805353,3-4 yrs,Heavy,Average,Hot,418.2587115,High
19.37188856,47.37704541,632.2738087,80.57467715,176.9085366,66.36398195,31.1984398,72.82464089,17.31894947,11.36553796,3.350809155,8.28112963,3-4 yrs,Heavy,Excellent,Hot,493.4315286,Low
15.07153902,22.14422153,433.683316,63.36844982,115.9764896,44.99333602,21.82541242,66.23369693,11.99767669,12.93440273,4.321289404,8.85850266,1-2 yrs,Medium,Average,Moderate,354.3865266,High
15.27024823,36.81591922,487.4594934,55.89229411,136.8753076,58.6813188,22.98991225,58.0557957,13.81535216,10.23466911,3.923792621,12.64185153,3-4 yrs,Medium,Average,Moderate,388.2978729,Low
18.12802184,30.57752257,589.8914218,79.67309653,155.1290419,49.33935975,24.85526554,75.44263049,18.89267824,12.80732871,4.067056253,15.23574496,2-3 yrs,Heavy,Excellent,Moderate,486.5787555,High
21.58137519,31.88414157,399.6343289,59.58729176,127.7122124,33.47561946,33.34459777,45.21654182,16.43470405,14.56234775,2.061805439,8.141830693,2-3 yrs,Medium,Average,Hot,338.4654971,Low
20.49636912,47.83542033,466.1779941,84.14120835,84.03673155,49.79037617,24.43685425,58.43545489,13.65639632,10.92369523,3.494641935,10.61796637,3-4 yrs,Medium,Excellent,Moderate,364.0771026,Low
16.19045433,32.38348976,520.9363415,81.14149102,177.174451,73.30552465,30.77090851,76.67813801,15.03902596,13.06374929,3.668119049,10.10602034,2-3 yrs,Heavy,Excellent,Hot,436.3252175,Low
26.55466558,39.60682487,427.113746,80.3183124,130.6920595,46.9949416,22.43404276,60.39760417,16.87144511,11.47787275,2.257957256,6.901924113,3-4 yrs,Medium,Excellent,Moderate,375.1470755,Low
21.03329158,25.88466274,430.5995965,56.61598845,111.6753672,57.81120053,24.95060279,67.91145415,15.57074074,11.93315357,2.812639514,12.76215593,2-3 yrs,Medium,Average,Moderate,356.884716,High
24.84095532,28.36522384,433.1809084,71.64625749,143.8605381,56.13791235,31.0801041,60.92161173,19.411345,13.21081087,2.048487338,6.364309475,2-3 yrs,Medium,Average,Hot,376.4687036,Low
23.67018694,37.81234286,445.2940256,69.0451597,96.52416596,80.88928066,26.23781108,68.18761381,18.01152683,11.49351268,2.976422059,11.23157289,3-4 yrs,Medium,Average,Hot,356.5032094,High
17.46376938,27.90395197,457.0484031,54.02418821,101.025694,66.1663415,24.63111874,55.57230868,14.87788861,11.26653943,3.09348243,12.18588663,2-3 yrs,Medium,Average,Moderate,348.6847661,High
17.23520426,19.97589196,506.0100917,59.53850443,114.6947054,72.43445573,30.85702984,79.66358324,17.4332173,11.68172896,1.864768504,10.76763009,1-2 yrs,Heavy,Average,Hot,398.4972218,High
17.18677313,49.34067384,520.4584511,85.45784783,187.5125325,88.37765371,27.03226471,72.57690759,18.25229586,14.29754627,2.248584463,8.684629196,4-5 yrs,Heavy,Excellent,Hot,436.3721865,Low
22.55188784,40.48455011,534.0132271,59.36358065,42.4381721,37.19758734,33.22133754,65.68537022,14.37590313,10.83185095,2.988917574,10.76705303,3-4 yrs,Heavy,Average,Hot,374.1286737,High
24.25677461,32.21891051,555.0713276,84.1951592,129.3045348,45.4307105,19.93855578,75.70317304,14.71578931,11.37685394,2.446190088,12.93422924,2-3 yrs,Heavy,Excellent,Moderate,451.5548476,High
15.57867391,17.98695701,517.9846914,74.00109929,106.7761975,25.27219766,33.71939332,72.12835478,18.64355992,11.94689864,2.832290315,10.80863432,1-2 yrs,Heavy,Average,Hot,409.8128498,Low
18.712758,58.14544232,601.4858546,57.77384825,113.4284437,61.0484179,24.40060429,66.17282391,16.58579847,12.8418935,4.272482125,17.53710872,4-5 yrs,Heavy,Average,Moderate,446.8537846,Low
25.08841123,61.3409108,327.2452573,46.1435411,78.79993122,55.70193081,31.8144111,65.97320419,15.70664713,9.575937235,2.458126655,11.7568263,,Medium,Poor,Hot,250.6512535,Low
15.55702571,34.6572203,404.871815,53.21444524,87.42470882,58.26909052,21.18898783,92.60457337,17.81750361,7.973615778,2.36297101,9.046034635,2-3 yrs,Medium,Average,Moderate,324.6765061,High
26.56129339,47.02155021,589.1062984,78.81587766,126.8194517,60.59366398,28.34511692,54.57640336,15.23968047,14.55794063,3.824390137,10.23961807,3-4 yrs,Heavy,Excellent,Hot,450.9775323,Low
22.90698506,48.94741375,531.7291286,86.82834413,107.1336036,50.90859886,28.56938134,61.87103559,16.8705834,13.57997098,2.379031154,7.800164513,4-5 yrs,Heavy,Excellent,Hot,415.721805,High
14.61275845,31.28874333,535.8711057,85.15374158,150.6949615,53.17610175,15.41084453,42.02203399,13.53645852,11.94558965,3.703040942,8.429531081,2-3 yrs,Heavy,Excellent,Moderate,424.4170589,Low
20.45645037,30.1325407,439.2426688,56.31702261,91.43586998,47.71849118,20.27406478,58.49395055,20.29805471,10.53713734,3.18321812,7.924145107,2-3 yrs,Medium,Average,Moderate,348.7387722,High
18.69768975,19.79608712,506.786023,73.02142113,121.6795949,90.55501552,29.97653799,71.8800261,17.6879101,13.45341715,3.89180862,7.824369932,1-2 yrs,Heavy,Average,Hot,400.8345969,High
12.27413815,29.27608905,482.6230828,81.73397297,45.79581938,30.47880161,23.81405815,35.43886294,12.64334301,11.95908699,3.088128358,15.20323646,2-3 yrs,Medium,Excellent,Moderate,356.0407243,Low
20.46777642,41.94526604,499.6326412,77.1517802,174.8630104,47.32736464,16.44034918,36.75398737,17.37601135,13.05689971,2.200829287,9.749352802,3-4 yrs,Medium,Excellent,Moderate,416.1855427,Low
18.05511817,33.34412891,503.2231218,59.61095123,141.8448898,32.52060741,24.61101821,75.94152421,18.20529229,13.78492525,3.260165166,4.907206614,2-3 yrs,Heavy,Average,Moderate,409.7385464,Low
16.90513565,30.02708183,392.0160413,57.05326469,87.55183877,54.94186919,31.66391158,59.65665348,15.50221036,13.52303846,3.727668859,11.27951803,2-3 yrs,Medium,Average,Hot,314.2245303,Low
20.6449339,35.67269507,518.6942774,75.60510059,96.24360411,72.74154346,22.25474592,69.50420642,16.86741674,11.82487791,4.497000125,8.523533653,2-3 yrs,Heavy,Excellent,Moderate,401.1825904,High
20.255372,13.52154985,377.8313012,82.89839128,144.9011543,11.30916167,25.66424944,59.5371523,17.71078039,15.55235026,4.596710636,9.105577948,1-2 yrs,Medium,Excellent,Hot,360.003426,Low
26.1133085,48.23641494,621.9765812,84.90757841,152.4495271,63.44914557,27.66264292,63.22012552,14.3229738,12.69564355,2.716691329,8.337911661,4-5 yrs,Heavy,Excellent,Hot,489.0209097,High
11.01770088,21.21977622,453.9739746,67.61064094,113.4132823,49.29054785,22.18738538,78.23084314,18.0102036,14.69114006,2.812846468,10.67014604,1-2 yrs,Medium,Average,Moderate,362.4034976,Low
21.86849337,33.33163259,490.3875178,61.94108226,123.2135539,43.05061293,20.96182665,62.15862184,16.37588842,11.77465721,3.485100219,11.91293728,2-3 yrs,Medium,Average,Moderate,402.7470071,High
16.84014436,31.54859951,480.0006424,90.94550734,160.6543861,96.45225901,29.26481565,49.85135145,15.47722678,11.56810774,4.188805237,9.640443215,2-3 yrs,Medium,Excellent,Hot,400.5541036,Low
22.95848516,32.33647486,470.1592323,59.01725182,114.5867039,61.94514697,27.38631031,67.36202017,15.3807433,10.40324716,1.964736387,9.59276866,2-3 yrs,Medium,Average,Hot,366.817989,Low
22.49378478,51.35003156,540.071725,69.72116787,107.3274703,75.02246525,33.7173031,67.28680677,16.02958131,12.69472255,2.646582909,10.55056616,4-5 yrs,Heavy,Average,Hot,404.7601746,Low
23.63590434,31.02083287,527.3548408,64.93951587,112.4642546,62.01633282,20.93579546,52.37687374,15.3137922,12.07488441,4.121695221,9.762095527,2-3 yrs,Heavy,Average,Moderate,416.22307,High
15.35042417,32.17508508,579.7827644,91.28706692,153.2266648,59.96165537,16.58113783,58.01574355,12.48404417,10.38339613,3.874389107,8.889133326,2-3 yrs,Heavy,Excellent,Moderate,468.9969921,High
20.27658396,24.75866722,586.8554901,77.25220377,101.1880529,68.58756303,34.05185672,81.94136602,16.85225643,11.2335725,3.158752826,12.4623153,2-3 yrs,Heavy,Excellent,Hot,444.2958895,High
20.00709844,27.44527713,477.6890266,69.62667362,81.59339577,26.74348146,20.03215444,61.90458446,14.67731096,11.09225696,1.612158507,6.745340417,2-3 yrs,Medium,Average,Moderate,377.5042334,High
21.74203338,23.15330481,465.4947989,58.16799272,107.7248275,41.50075115,22.02324878,48.13074687,12.68600153,13.40911497,2.460843497,3.296473422,1-2 yrs,Medium,Average,Moderate,367.5961825,High
19.69761435,39.61929666,494.4852007,63.12500741,148.8232513,77.15349359,32.43415297,51.4333257,14.46873717,9.777681445,3.11728951,5.628231631,3-4 yrs,Medium,Average,Hot,395.5451658,Low
22.17182371,24.58457437,426.064574,64.73346876,131.4513248,49.92049191,23.13773616,61.10847225,13.63187442,10.21988014,4.212312158,11.4698123,2-3 yrs,Medium,Average,Moderate,370.0563769,High
18.44668977,32.62641834,336.8122094,48.6337728,109.0132739,32.17348202,29.22453387,55.52446452,16.51956844,10.55506455,3.118755187,15.52798735,2-3 yrs,Medium,Poor,Hot,294.9985368,Low
18.78141867,36.23251035,538.1734708,78.81485971,146.1142101,37.25363793,21.05968701,76.73286536,17.00737367,10.50493756,2.350703088,10.02439095,3-4 yrs,Heavy,Excellent,Moderate,439.922065,Low
19.3345609,29.14237428,682.6236082,74.23805392,190.2400766,75.67708757,30.61125871,62.98201052,12.35283976,9.780576181,2.713885137,7.624192737,2-3 yrs,Heavy,Average,Hot,541.7431774,High
15.95350294,25.76578014,421.0407443,64.72347055,90.36900166,41.7375902,27.097335,73.83849184,17.64834274,11.91594475,2.911785236,7.646534166,2-3 yrs,Medium,Average,Hot,345.9251544,Low
19.73562131,46.7374237,555.0739895,80.45769945,145.4707321,59.78172581,23.26261033,70.73509586,14.51220643,10.59733308,2.465835383,13.95629165,3-4 yrs,Heavy,Excellent,Moderate,440.0395516,High
24.17225139,46.24283042,554.0694062,66.28668057,147.9975255,31.67746426,16.14601764,55.20463424,17.08192655,11.58326569,3.518878328,13.26336459,3-4 yrs,Heavy,Average,Moderate,449.4795265,High
26.28188084,51.44299207,419.6134191,50.55666796,80.45242103,14.25791592,24.39388198,74.30707782,13.58392218,10.31437988,3.629732617,9.810520722,4-5 yrs,Medium,Average,Moderate,337.7158414,High
23.22034245,36.37882469,521.9176214,65.74434844,149.1104312,42.96198109,25.05529522,61.52099742,16.26568629,13.76221908,3.151722851,7.940822102,3-4 yrs,Heavy,Average,Hot,423.4350728,Low
17.73251681,25.69565414,599.2026192,75.90444833,97.01242482,48.13413143,25.38730603,60.4231935,17.29922305,11.93277186,3.199692084,7.264254237,2-3 yrs,Heavy,Excellent,Hot,441.2700586,High
20.12860509,28.01984361,483.8713848,77.67804416,157.9914472,55.18333096,27.65641367,64.33000237,14.71784243,9.37254705,2.605739689,7.773416309,2-3 yrs,Medium,Excellent,Hot,408.1941417,High
20.68512099,40.11626644,510.8748067,59.18492957,134.303163,47.88884325,19.63836195,47.13221894,13.86843556,9.786451869,3.158864861,13.03877959,3-4 yrs,Heavy,Average,Moderate,413.2589283,High
18.21286375,54.38959901,498.9690071,66.08433609,116.6162704,68.32588685,25.99125712,76.78680378,17.04080619,9.543923216,2.739901466,14.19766941,4-5 yrs,Medium,Average,Hot,381.197595,Low
20.71376178,35.65794704,467.9917711,63.48402956,143.8899756,91.55786759,28.42096193,61.42358951,16.49765372,9.909842463,3.834294266,16.13179939,2-3 yrs,Medium,Average,Hot,383.1226918,High
18.83752813,48.21309724,528.1971467,76.33749204,143.1171485,45.11565809,22.29472338,65.86810394,15.99400668,10.77577947,2.859079873,8.569431078,4-5 yrs,Heavy,Excellent,Moderate,429.8970803,Low
17.5259449,41.52137201,448.6965136,55.56706238,111.2845986,76.04610969,33.03928776,68.745702,12.95417777,9.038432948,2.090409592,7.891793352,3-4 yrs,Medium,Average,Hot,346.6561501,Low
21.03048464,25.47047684,518.717092,76.18446722,100.2999636,44.11428565,24.53073701,59.75150298,18.89862174,11.57347896,3.236974899,8.848411713,2-3 yrs,Heavy,Excellent,Moderate,411.2719909,Low
17.72549443,33.39809613,471.44493,68.31357556,169.289459,60.390897,24.78912967,75.95299502,17.4587393,15.52548699,4.35572172,12.88737382,2-3 yrs,Medium,Average,Moderate,415.8038492,Low
20.52553438,45.19366074,411.0013644,75.26531641,129.2473311,42.23709436,18.53739404,78.71096266,18.0040623,15.09836006,3.105466075,5.050384651,3-4 yrs,Medium,Excellent,Moderate,357.5330749,Low
17.97411545,43.59328303,465.1059518,88.75453953,95.3017956,39.14234804,22.10834066,69.89357493,13.12015364,14.75644625,1.823025032,11.17098836,3-4 yrs,Medium,Excellent,Moderate,372.6613248,Low
20.69633351,41.5088371,524.8214548,84.0958954,131.3381129,69.03043236,32.66689002,47.27615833,14.67605411,12.37396681,3.753218323,4.457089659,3-4 yrs,Heavy,Excellent,Hot,412.0357754,Low
21.52913995,36.90203585,408.1897861,65.17964915,115.4009314,29.94431895,20.75601177,63.54424455,16.17811496,11.85647024,2.386997272,8.371364899,3-4 yrs,Medium,Average,Moderate,339.5192089,High
20.68239765,28.0822915,421.4816597,58.77436529,113.0806136,14.58324081,17.78645185,60.25126986,12.9401848,8.981136953,2.104372194,6.75171719,2-3 yrs,Medium,Average,Moderate,358.6533989,High
15.57896053,22.2674932,456.3313228,84.12827358,113.7851727,31.34299775,26.69716581,65.0718327,17.65585342,10.90453794,3.780499892,8.947292426,1-2 yrs,Medium,Excellent,Hot,382.5128674,Low
24.73807321,47.43513287,481.1330617,77.18249746,87.91313258,78.09233978,28.52368425,62.23143081,12.43251518,9.877846871,1.509842761,10.56702996,3-4 yrs,Medium,Excellent,Hot,366.6180638,High
23.04886704,23.76824296,550.9840656,57.50428398,135.2138783,25.91058367,27.97365346,72.10085419,18.37091386,15.14550631,2.959541131,12.81544744,1-2 yrs,Heavy,Average,Hot,448.641821,Low
19.80334703,22.8395448,390.811301,70.96749065,126.9599513,55.01834089,22.17870099,54.14890265,12.60986119,11.75675126,2.625524457,11.79876669,1-2 yrs,Medium,Average,Moderate,333.3364358,High
21.18376573,43.56507263,544.2909943,75.18793638,202.7164785,66.34966865,30.21780941,59.11453476,14.52122851,12.87247755,2.318885779,10.15176879,3-4 yrs,Heavy,Excellent,Hot,460.5585932,Low
18.43664025,17.35237833,325.1398918,68.88201463,118.7784036,38.22612805,20.18197736,73.04287543,17.29945787,12.04613355,3.645467409,9.098176636,1-2 yrs,Medium,Average,Moderate,311.4875372,High
19.79612711,26.06650155,378.1127071,66.72626816,101.6619446,46.65000201,24.44178727,64.30016779,17.17599456,10.1128089,3.509317886,10.13853564,2-3 yrs,Medium,Average,Moderate,318.2468904,High
20.02087436,25.37210377,520.0460615,68.46969996,104.6840836,47.18902903,20.42616617,58.45789335,13.00303653,11.186305,3.257538757,10.6490316,2-3 yrs,Heavy,Average,Moderate,398.284485,High
21.24997292,44.95659552,581.0186488,75.2781589,145.3245536,38.28604813,26.06269079,58.27063437,12.58308504,10.23671829,2.443181992,9.68952892,3-4 yrs,Heavy,Excellent,Hot,467.8297845,High
22.47947233,42.34572845,558.9545166,69.18289385,73.99414574,22.23703549,20.83411501,48.32645984,18.24269579,12.9249721,2.945625875,11.34130309,3-4 yrs,Heavy,Average,Moderate,412.8751186,Low
19.38045601,39.38980948,479.4390626,73.26323989,116.0260679,28.89592581,29.23914904,69.341069,8.853571184,12.06595832,2.830473538,11.92968852,3-4 yrs,Medium,Average,Hot,391.5717704,Low
23.71800893,40.9661476,518.5376641,99.48017802,127.7754529,7.501612764,28.71885552,49.77616511,10.02171504,11.05139369,2.862731553,14.61185079,3-4 yrs,Heavy,Excellent,Hot,431.4701391,High
20.49917799,42.24364366,529.8543075,50.86979944,89.33793684,27.16330547,22.02472209,53.21538306,16.25652042,11.76953917,3.09614853,7.358957432,3-4 yrs,Heavy,Average,Moderate,404.1700346,Low
15.86168785,45.24268085,575.4499645,58.9015812,146.9240608,53.76161032,23.17008165,67.12854317,17.34958966,9.656171664,3.195830952,9.962521948,3-4 yrs,Heavy,Average,Moderate,448.4208995,High
17.88763924,17.52443983,503.5777033,80.14860318,119.7618352,92.6949209,26.52755459,78.02464297,18.19165731,12.44787487,2.777849241,10.24084455,1-2 yrs,Heavy,Excellent,Hot,402.9635639,High
21.35540641,36.98505013,565.7711622,68.89557535,67.53366014,-20.28765504,19.96870714,71.60052546,16.10707656,13.50357397,3.585092857,12.1413343,3-4 yrs,Heavy,Average,Moderate,439.4754872,High
24.03648025,41.65864568,633.8741223,62.33331368,123.5243679,59.81853453,24.71576981,61.2628903,14.22542718,12.07709718,1.555732675,10.8998114,3-4 yrs,Heavy,Average,Moderate,487.4082533,Low
20.95347358,44.01330142,532.4480027,58.96507446,87.84372164,-7.711611083,29.28394669,60.58631489,15.49476292,12.3894437,3.327348089,13.22968676,3-4 yrs,Heavy,Average,Hot,409.2766473,High
13.10878493,22.22286384,425.3262547,60.1467269,162.3608332,58.14427251,17.5366347,48.53357835,14.14861514,13.18451975,2.842783129,13.08310202,1-2 yrs,Medium,Average,Moderate,371.4195559,Low
19.71106164,33.08810265,545.4443657,83.10966106,135.1323717,25.99598409,17.2001373,58.94374252,13.27450614,10.76179977,3.916697104,15.89828272,2-3 yrs,Heavy,Excellent,Moderate,450.7983428,High
15.39744347,24.01162934,453.0987101,43.81083508,108.7372913,47.6165141,23.655887,68.68623161,20.32630075,13.14023365,3.694384884,6.755611872,2-3 yrs,Medium,Poor,Moderate,357.1415376,Low
18.68412086,51.39688718,629.0233672,84.60977817,118.3250416,38.32596842,28.40735251,73.90877177,17.56452976,12.41502329,1.62548747,9.690557522,4-5 yrs,Heavy,Excellent,Hot,478.5487367,Low
18.29743859,48.49597228,502.8267796,66.26718291,151.5725275,55.05756744,30.02439163,70.39417766,15.77649865,12.98525586,3.967156139,13.28542346,4-5 yrs,Heavy,Average,Hot,404.5589254,Low
18.33132649,42.1299719,458.2594032,66.83165109,116.8374199,53.28497782,20.64678685,62.41671073,17.28641556,12.10779214,2.410076155,6.447909392,3-4 yrs,Medium,Average,Moderate,365.0325967,Low
21.99019532,23.10914075,474.7706253,75.91332116,149.5165188,61.76096659,27.25299054,70.17454974,13.88342957,12.01766447,2.798444205,8.233782297,1-2 yrs,Medium,Excellent,Hot,407.5323978,High
18.04580853,40.28990884,492.1305632,71.66518283,104.1880563,25.81020782,21.95571396,58.32038917,17.02171859,10.53323489,3.185502121,7.75309444,3-4 yrs,Medium,Average,Moderate,383.880721,Low
20.02947174,49.19362656,552.0171418,77.52718564,88.27881817,43.09114057,30.37685025,67.03547468,17.65769751,10.80150336,3.282895624,10.68867565,4-5 yrs,Heavy,Excellent,Hot,417.1962267,Low
20.88555052,39.84530551,565.5959639,62.98083312,177.7752208,106.9801805,34.64937362,68.92682581,14.04163705,11.38857057,2.488942472,11.45580107,3-4 yrs,Heavy,Average,Hot,453.3675502,High
22.27816241,33.5380647,583.8535279,68.73463119,86.10957365,41.92512414,24.24325777,72.23842571,14.51534121,12.33331892,3.294077107,10.35610746,2-3 yrs,Heavy,Average,Moderate,445.0920741,High
17.04611012,25.38821948,489.3188838,71.33842907,159.1456008,53.69788948,22.18971969,46.07379864,15.27789956,11.31947389,2.515163155,8.763274797,2-3 yrs,Medium,Average,Moderate,420.8092394,Low
17.2909739,32.78061048,576.6477971,70.21062206,113.3977062,35.54337216,26.15611501,60.25536218,16.54153666,11.21068244,3.509882791,7.536982631,2-3 yrs,Heavy,Average,Hot,439.0069402,Low
19.34376174,44.51808304,539.6967059,73.32308773,105.4069086,33.96168921,15.93985962,62.72419633,19.94815959,9.535227659,1.259133762,5.320130617,3-4 yrs,Heavy,Average,Moderate,419.1734646,High
16.35358475,33.11530818,520.180588,80.55428067,116.0817905,80.62018608,29.04725118,83.97948716,18.29556982,13.32695928,3.814060736,11.42524447,2-3 yrs,Heavy,Excellent,Hot,416.745653,Low
22.31103256,32.23344911,351.5978013,64.08945455,135.279036,48.71880051,26.29411567,58.15141574,11.49507907,8.710132738,3.624759986,13.37601829,2-3 yrs,Medium,Average,Hot,319.2764525,Low
15.23317214,51.15075471,551.1403251,90.97654122,120.8791805,31.33348365,22.86757715,74.27820907,16.39674447,12.89828512,1.454174051,9.798025008,4-5 yrs,Heavy,Excellent,Moderate,429.2067245,High
19.00010097,41.1064517,480.9797961,81.64492869,112.3958464,22.63327143,23.99265416,72.29439304,13.63275791,12.4288849,2.907180088,0.956196628,3-4 yrs,Medium,Excellent,Moderate,381.3438206,Low
17.19264915,49.32541841,494.1572387,76.58646251,91.60018211,46.31074321,23.07607355,55.71639116,16.09000541,11.53453943,2.77642688,11.2851143,4-5 yrs,Medium,Excellent,Moderate,383.0128875,Low
13.11554477,23.27483131,574.4441224,88.64922876,180.3165011,75.71602339,24.56752996,71.53545447,14.77121806,12.20352414,2.890078335,6.61215322,1-2 yrs,Heavy,Excellent,Moderate,486.2543166,Low
19.82638709,33.42425949,503.4543694,75.07521633,176.7506948,38.35468041,22.50414093,82.05369198,17.28388129,12.18056133,2.898703893,10.79490663,2-3 yrs,Heavy,Excellent,Moderate,434.1765593,High
24.01780134,31.71314154,387.0606738,45.77418282,65.42469661,66.13220409,22.50707879,49.08922361,12.3781911,11.12160422,3.431253205,11.51351968,2-3 yrs,Medium,Poor,Moderate,296.2272105,High
25.07700085,39.89844937,464.667701,78.96200366,84.15987659,45.74063436,27.22386729,88.64499718,19.1443602,11.39195643,3.617858295,12.17752683,3-4 yrs,Medium,Excellent,Hot,364.9374169,High
17.29029086,24.87660689,497.8073205,65.13978558,110.0869247,37.97185849,26.76753651,57.74020156,18.43028537,13.80200301,3.669860805,10.3284396,2-3 yrs,Medium,Average,Hot,395.6802358,Low
18.89323453,45.11016715,534.9288569,59.87840903,92.02920475,72.20104581,31.95349023,55.55707838,12.8222857,12.39505877,2.695327675,5.076806566,3-4 yrs,Heavy,Average,Hot,384.7916301,Low
19.34125429,45.48068761,665.0287046,82.79432277,100.4410742,37.33414652,25.00806205,70.52487192,15.70561385,14.45712492,3.054603257,8.963917854,3-4 yrs,Heavy,Excellent,Hot,490.6671181,High
21.93743793,34.71567453,405.5780701,75.91538324,204.8608213,41.71722715,25.1853021,59.49996071,13.6251813,9.173113974,2.399141232,8.811686593,2-3 yrs,Medium,Excellent,Hot,402.349123,High
13.61259347,45.97894109,618.4199497,63.77960907,92.90691144,40.8522795,23.22508605,60.27325981,15.07586024,12.33815992,2.748021006,7.460366769,3-4 yrs,Heavy,Average,Moderate,438.4121922,High
20.39033546,32.57280722,440.1443652,71.22569237,129.956861,59.64350387,26.66936348,55.01056525,12.78653121,9.595967547,2.376565182,3.985508213,2-3 yrs,Medium,Average,Hot,363.8098124,Low
19.20083987,39.15056849,347.1580821,65.63378431,109.6212596,38.49651564,24.20761587,59.37537324,14.6182364,12.19614957,2.361839677,7.701472298,3-4 yrs,Medium,Average,Moderate,307.7598019,Low
18.89188308,46.72580481,614.9813117,72.26286428,131.9836842,58.3987953,27.15322099,67.69387314,17.06874615,12.33474928,3.698268901,14.22523109,3-4 yrs,Heavy,Average,Hot,467.5567292,High
13.98288999,33.0482057,445.0050434,66.40809855,96.7560157,27.33548732,26.55585811,53.74777562,14.23092411,11.23776333,2.463675732,13.21740934,2-3 yrs,Medium,Average,Hot,348.4058805,Low
20.47094529,46.7958188,519.8535998,77.30561178,135.6369214,38.56975694,18.26486011,56.84980905,16.11862642,13.56657848,2.605965812,14.69048783,3-4 yrs,Heavy,Excellent,Moderate,422.2166589,High
16.03479731,44.07504199,626.3050964,74.59352001,109.8012462,44.90679376,32.6463384,73.12199292,13.33552587,12.17468915,3.788633667,18.71029479,3-4 yrs,Heavy,Average,Hot,475.2199321,Low
20.97969663,46.76372286,621.0946501,57.93809651,131.4182469,74.08610388,30.92619247,80.30086657,16.37454501,12.13839556,3.033014427,6.156984325,3-4 yrs,Heavy,Average,Hot,463.3994561,Low
17.32846166,35.31933182,627.2389134,69.37579734,150.4147443,84.64389384,28.35755009,65.19093245,19.48588436,14.24452044,4.062669248,11.13288003,2-3 yrs,Heavy,Average,Hot,477.7268248,High
21.7802061,52.81833235,543.3150763,75.81030424,82.10501364,49.30509151,22.97539513,68.20966186,16.80232236,12.75059771,3.493951281,8.706772233,4-5 yrs,Heavy,Excellent,Moderate,404.1699547,High
21.72079932,40.450577,617.4559266,84.18723867,106.4236251,29.28840348,24.26563392,73.4069757,19.19568515,13.55502376,3.116357168,6.238785594,3-4 yrs,Heavy,Excellent,Moderate,461.9699483,High
19.1944703,42.2661336,447.1062819,64.7015285,55.88187218,67.54475855,28.08521729,65.07365699,19.96340761,13.94618957,3.802176948,11.208373,3-4 yrs,Medium,Average,Hot,321.1028091,Low
16.4181199,28.81448897,332.7557973,50.0818721,101.9318937,80.63021857,20.6278724,81.80747148,16.43868897,13.44251101,2.627702946,10.43659264,2-3 yrs,Medium,Average,Moderate,287.9699218,Low
18.35827807,37.46137157,604.7388326,67.65978816,87.73759777,51.98773194,22.25968706,64.23718973,14.32650658,12.36724449,2.276610774,9.029839277,3-4 yrs,Heavy,Average,Moderate,444.4699531,High
18.64716471,41.4424153,439.1357081,68.3855588,61.29682596,23.14470004,26.55584295,69.1888345,17.15167033,13.73630965,2.437706873,9.224133238,3-4 yrs,Medium,Average,Hot,324.1887789,Low
14.05377014,18.88671636,439.0481338,60.01849781,121.3303368,69.00722768,23.62974422,56.81361625,17.35412375,14.48708474,3.548609943,12.03647229,1-2 yrs,Medium,Average,Moderate,361.9241235,Low
18.13997697,39.69806436,471.3211172,74.49008093,162.4585517,48.93250739,17.13059277,41.1619201,15.21647671,12.61967866,3.369720604,7.597200875,3-4 yrs,Medium,Average,Moderate,386.4185937,Low
20.10894095,42.97327266,579.7989107,84.1307704,131.1403727,46.63308672,23.43900649,74.08695895,19.41703239,13.02882213,3.597574866,8.161601913,3-4 yrs,Heavy,Excellent,Moderate,455.4348407,High
16.86460052,10.70358405,510.4008124,67.01260316,126.0153039,55.85354821,24.71524429,54.74381716,14.74982537,9.847287151,3.679591401,10.94765595,<1 yr,Heavy,Average,Moderate,413.9160078,High
21.34209758,40.11065816,522.900155,57.14854494,122.479839,35.45028082,15.10513795,57.10041289,14.90456573,11.03174243,3.311425812,13.74289776,3-4 yrs,Heavy,Average,Moderate,408.5336315,High
21.47219002,13.32808829,458.1829067,59.92467279,70.66531548,26.19135046,27.1213511,63.518481,19.22586746,12.11799445,2.776194901,7.955298335,1-2 yrs,Medium,Average,Hot,367.0218837,High
21.66552767,43.2850615,529.2140091,69.98183339,128.4054206,61.4967391,17.04969272,71.77923418,17.57776695,12.0354421,2.287126908,5.714602173,3-4 yrs,Heavy,Average,Moderate,425.1291852,High
23.49822974,28.38227907,422.2988603,72.01233347,106.5766121,43.18177696,19.51306333,49.45741971,13.27986264,9.969045917,2.595313199,5.988991576,2-3 yrs,Medium,Average,Moderate,345.8320546,High
17.60411353,30.62739527,530.012638,67.25622406,132.1514951,39.66322767,24.04856265,84.77458794,17.55862058,12.01688282,2.781361642,7.43915268,2-3 yrs,Heavy,Average,Moderate,433.8810879,Low
23.54581254,32.46594057,415.4526997,76.62590935,117.090924,42.77247482,19.94151926,71.79624831,17.06238735,10.96970909,2.721814907,11.56073634,2-3 yrs,Medium,Excellent,Moderate,359.7850729,High
23.28162761,52.29547226,583.3966486,86.68240188,108.9862937,58.58283996,23.37598535,80.6951587,16.64622991,11.29485902,2.565528359,11.76828108,4-5 yrs,Heavy,Excellent,Moderate,451.086009,High
16.37573541,34.19535351,602.733564,71.07011602,89.90597546,24.25635628,21.64904092,49.45869185,13.75168184,11.9114248,2.477486965,11.81417893,2-3 yrs,Heavy,Average,Moderate,450.1972495,High
20.77712732,31.34306486,240.5934698,60.68362906,112.6047719,26.27636606,22.83868206,65.587573,13.77024335,11.45327643,2.393793769,11.42008637,2-3 yrs,Light,Average,Moderate,238.3288314,Low
16.90437343,40.65043122,534.9086048,48.0155528,104.2567799,38.2121649,23.61248504,69.88696538,15.06454736,10.65031036,3.599854529,7.962517967,3-4 yrs,Heavy,Poor,Moderate,393.8842148,Low
21.51109117,23.77096316,477.2377584,77.98602138,95.76561649,43.20220232,8.695107982,34.55165105,16.01197695,13.87454776,3.3846214,8.883187898,1-2 yrs,Medium,Excellent,Cool,392.4840614,High
16.65978271,17.67198125,451.0192464,64.01380181,90.88884735,42.58551782,18.62651768,66.01292548,17.89102324,10.72405796,2.878442963,15.65929792,1-2 yrs,Medium,Average,Moderate,366.550807,High
17.57573345,18.43742227,538.6643494,67.61369466,151.3780913,17.44794282,22.43707258,67.22546054,15.52350902,12.90296448,2.507691157,15.65013139,1-2 yrs,Heavy,Average,Moderate,454.4564548,Low
18.44730797,39.84508786,460.9786037,54.32319742,73.26096099,29.81151616,18.98760541,61.59030978,15.09475552,13.9516907,3.437066449,9.922159772,3-4 yrs,Medium,Average,Moderate,343.6639807,Low
17.44807122,34.76506145,469.9916722,69.99434975,129.1306562,55.15263177,24.55126917,81.19670192,21.18744533,13.55756564,2.847210071,9.360670889,2-3 yrs,Medium,Average,Moderate,393.7709713,Low
26.63511513,53.88406409,516.4405936,75.7309813,108.8558139,95.31405231,32.60629543,62.26453755,17.23345951,13.52634406,3.624974843,16.77554217,4-5 yrs,Heavy,Excellent,Hot,404.5876293,High
23.34267437,41.07986895,496.6244993,65.19690489,69.75635684,64.00622253,27.18432018,67.09719104,14.7005362,10.6900326,2.842174004,12.63559452,3-4 yrs,Medium,Average,Hot,376.7380502,Low
22.70941103,43.87175066,504.8034918,48.66792799,83.57184344,39.70118758,18.76354387,60.66845071,15.4668294,11.70148682,3.447301351,9.898709506,3-4 yrs,Heavy,Poor,Moderate,369.3336064,High
20.86980055,42.09272853,327.915076,62.21979571,146.7677582,54.61343732,24.93280568,75.15392685,18.67121416,14.07806958,2.963757416,5.397739867,3-4 yrs,Medium,Average,Moderate,299.7320045,Low
21.83698732,33.44849509,557.6133115,93.56062918,147.6512918,53.31427793,25.70456945,75.3918326,17.01590971,11.27227814,3.168287148,16.16419165,2-3 yrs,Heavy,Excellent,Hot,462.4568296,High
22.63418766,43.77348942,585.9959624,64.96004978,169.2797921,48.78332527,22.98208137,72.05484314,17.21039179,11.5706947,4.687827538,13.70573628,3-4 yrs,Heavy,Average,Moderate,481.5536296,High
25.34893986,43.66092382,497.1029533,64.25242877,113.9990267,51.32392583,22.13874029,73.54616705,15.14505777,12.32897259,3.97216466,13.2678742,3-4 yrs,Medium,Average,Moderate,395.0858922,High
23.61417579,47.86153911,474.7619948,69.49610089,121.0083058,27.93144572,20.71347315,50.93183074,11.04273665,10.51765848,2.864249224,9.678088591,3-4 yrs,Medium,Average,Moderate,379.1138414,Low
20.01585259,42.01854435,465.3952067,66.99885721,102.6304261,63.46023357,26.7483671,49.56479807,17.27467038,14.02376845,2.759679188,8.731952969,3-4 yrs,Medium,Average,Hot,360.9039626,Low
19.91766735,41.51811467,537.3401913,70.29813972,98.31725744,66.11668733,27.64860271,67.51654987,16.39100886,13.93248908,4.111492638,10.75844628,3-4 yrs,Heavy,Average,Hot,401.027075,High
18.14224495,31.04553202,584.7525844,71.98004616,134.2798293,77.79383099,27.0004859,70.46193159,16.32890934,13.5495201,2.963747832,14.80821505,2-3 yrs,Heavy,Average,Hot,465.8019017,High
19.30863986,39.19758876,397.1078983,73.95117577,148.8172497,45.17226103,26.85214036,67.21406667,20.70626098,12.60962022,3.140736878,11.69344869,3-4 yrs,Medium,Average,Hot,345.6623227,Low
19.89787869,41.9222792,529.2816918,65.48772187,90.85977665,41.73903173,27.78615963,63.31416374,15.92560679,12.21475919,3.6883119,11.62190273,3-4 yrs,Heavy,Average,Hot,402.3839625,High
24.31481108,44.46709485,569.6493719,79.37359034,104.4207734,29.75405161,22.56057591,62.7686489,17.19239932,12.05288704,2.772611339,10.56925803,3-4 yrs,Heavy,Excellent,Moderate,431.118292,High
13.85193544,41.29978535,516.7789923,73.03974411,163.5843763,69.26174354,28.04348121,63.16440699,11.63551358,9.82727561,2.152164766,5.443253302,3-4 yrs,Heavy,Average,Hot,413.2677686,Low
17.86216893,34.7546643,516.124182,60.52184668,121.1051399,61.1449925,22.10932601,73.66323716,21.39788507,15.75545521,3.943465158,11.58168899,2-3 yrs,Heavy,Average,Moderate,416.0215327,Low
19.23669107,31.82478361,410.2258884,64.34241784,141.0840391,63.59952435,26.4202404,74.60422313,13.73080049,11.21575268,2.980839601,9.970136631,2-3 yrs,Medium,Average,Hot,358.773493,High
16.96436257,42.42928544,490.6701547,65.00264905,170.7148887,103.1722405,25.3930962,56.8316903,13.64936565,11.40395068,2.909716554,12.22228625,3-4 yrs,Medium,Average,Hot,393.2781749,Low
24.55837375,35.01635236,439.6047427,76.28930853,105.5667683,68.17686351,28.3311685,71.62457036,15.28595583,11.60699842,3.062583357,13.8483343,2-3 yrs,Medium,Excellent,Hot,352.6795057,High
18.69222609,29.67889272,540.2947006,70.38539615,115.7494303,76.5548271,28.27371338,63.54525488,15.33578765,12.18937652,3.069084863,8.068903002,2-3 yrs,Heavy,Average,Hot,415.3264332,High
16.49372979,32.82109101,482.904719,64.80002645,128.7222499,32.21281592,23.06972453,64.31828574,18.05335738,11.30036465,3.376816748,13.12052575,2-3 yrs,Medium,Average,Moderate,392.0104195,High
16.33247559,24.80711926,526.4636909,79.80701353,110.3566618,58.20639207,23.90430338,75.835571,14.60833868,10.05209602,3.001142454,1.963287479,2-3 yrs,Heavy,Excellent,Moderate,413.24529,Low
21.5252349,26.14015067,494.4012588,53.65449961,99.75677411,28.36711249,18.1013083,58.42756677,16.26484083,14.64406099,3.116915249,9.486339994,2-3 yrs,Medium,Average,Moderate,385.7614006,Low
25.42009949,36.93782528,571.4682754,82.56817564,124.5008346,22.11715811,23.6264796,61.28089464,14.15223524,11.98333369,3.842972968,9.801020561,3-4 yrs,Heavy,Excellent,Moderate,448.672936,High
18.31040057,22.852918,604.7296272,74.39789189,141.2141953,60.78623643,29.5077307,50.73572324,14.92085585,10.43935021,1.841654224,10.34022795,1-2 yrs,Heavy,Average,Hot,468.9051466,Low
18.16147271,13.75705668,339.8768257,64.98995582,136.8300662,50.96362173,21.33623323,64.54262334,14.51671411,9.298071655,1.820222106,4.738034869,1-2 yrs,Medium,Average,Moderate,308.8503105,Low
18.18214562,44.92394137,451.5909739,66.10311742,112.1270569,81.46139067,26.46735779,70.62678661,17.90299033,11.40189986,1.895405527,8.075152197,3-4 yrs,Medium,Average,Hot,359.3784736,Low
23.5379582,33.99303744,600.7353204,74.37209484,110.0674178,62.42158779,27.04266862,62.79165547,16.60885708,13.17674115,3.421574391,10.61169459,2-3 yrs,Heavy,Average,Hot,454.9650545,High
20.46407176,19.92011664,548.273428,71.12324866,153.1502161,58.50474894,25.20723175,77.63022921,16.13020421,12.65389235,3.605841037,13.52129238,1-2 yrs,Heavy,Average,Hot,454.3821641,High
13.62442458,39.28274765,594.2526896,83.74688208,129.9762018,46.65367061,26.67551499,72.93570869,16.37972562,11.50796917,2.258594857,13.27294089,3-4 yrs,Heavy,Excellent,Hot,468.7220719,Low
18.82968057,42.26370339,324.6352959,71.37414016,79.13563633,53.16003173,24.23477952,60.4886496,13.52764456,10.49957941,2.978397469,12.54643817,3-4 yrs,Medium,Average,Moderate,278.931735,Low
19.60453381,38.42649679,394.1533511,73.93721973,133.6385475,2.97580765,18.19500066,65.78494536,14.47195532,12.65954917,2.293956066,6.394465155,3-4 yrs,Medium,Average,Moderate,351.0523015,Low
17.3432255,41.2886865,520.1251098,72.988295,138.6453667,64.55056578,29.98867077,65.92611299,15.98688532,11.50297568,3.276224442,10.58817852,3-4 yrs,Heavy,Average,Hot,415.1199459,High
20.17538355,45.54431614,456.1383357,57.66531317,127.8889075,50.69225233,29.01423669,65.64672699,14.61632968,11.54366665,2.102461744,12.44788078,3-4 yrs,Medium,Average,Hot,375.228586,Low
16.1624693,30.12344391,535.3722526,54.26900808,93.88712898,27.35987879,28.85286364,69.32412469,16.95964976,12.69645238,3.493744067,7.503576838,2-3 yrs,Heavy,Average,Hot,404.5070215,Low
21.83531443,44.29223203,538.6812987,66.93421965,105.6861845,43.5397003,33.58430051,83.93834032,15.13580526,10.87593651,2.548386777,6.181106625,3-4 yrs,Heavy,Average,Hot,407.4916024,Low
20.6181253,32.74886871,565.1624981,65.03619907,83.0000052,50.52412655,22.2591373,61.97373604,18.17031643,12.14624446,2.475743662,12.0349777,2-3 yrs,Heavy,Average,Moderate,426.9002106,High
22.46603494,37.61802196,547.5676679,74.32940076,123.5091793,31.48134232,20.09113317,56.54874522,15.15426035,11.19317992,2.915871832,11.38939642,3-4 yrs,Heavy,Average,Moderate,428.3944436,High
22.81253724,51.95244889,367.555993,64.14546635,112.0231261,15.48744077,25.53426094,75.13990869,20.31380607,12.1922379,2.751428801,8.859562359,4-5 yrs,Medium,Average,Hot,318.4633071,High
25.45902438,45.06624747,502.7725918,84.29428645,134.9957404,56.91256004,25.81320402,50.19614487,14.35160491,12.19313002,2.808372641,9.983434669,3-4 yrs,Heavy,Excellent,Hot,406.0479702,Low
19.59487333,43.05802033,491.0431109,65.54172512,105.3542974,34.69058534,21.59350778,60.32007645,17.73766139,14.92953746,2.396242374,8.52499688,3-4 yrs,Medium,Average,Moderate,382.0358294,Low
12.7880999,25.33892102,480.058759,75.5887933,132.9084086,57.58066307,21.42065145,52.41290436,15.29710383,12.02690245,2.291729455,4.804974877,2-3 yrs,Medium,Excellent,Moderate,374.0393758,Low
18.98361758,24.63518231,399.7666842,68.09420078,163.7467294,44.20111436,23.33869457,74.17305444,19.30641416,14.61152193,3.274760042,9.922376577,2-3 yrs,Medium,Average,Moderate,365.7577648,High
24.13818411,59.18529978,540.6382403,73.27075038,111.0477556,69.13247777,32.91671426,63.4590193,17.44968712,11.90787434,2.079078867,10.85693314,4-5 yrs,Heavy,Average,Hot,414.6876108,High
18.12166293,28.89142519,581.9849269,75.14059257,78.78340962,-7.822751875,9.285674587,64.10296612,17.40833065,12.34115065,3.134693913,8.445910805,2-3 yrs,Heavy,Excellent,Cool,444.2132677,High
23.72107043,32.62254494,366.9750017,64.03643636,87.52606757,52.54061833,23.19940031,57.86849578,14.64033654,11.14613324,3.764824008,10.15525803,2-3 yrs,Medium,Average,Moderate,301.045941,High
24.0754584,45.64609221,536.5872669,70.21555403,78.72092788,64.42498333,27.41520664,71.75765112,18.23165719,10.62368803,3.141562887,8.135368509,3-4 yrs,Heavy,Average,Hot,394.5311415,Low
22.67123252,47.65483611,558.3394142,60.93785948,110.8420566,53.51686815,20.61012416,66.08601412,17.44267221,12.88762278,2.657828249,10.60092775,3-4 yrs,Heavy,Average,Moderate,421.5243007,Low
21.55614067,50.05354421,597.7123542,73.69190493,142.8999024,52.49085344,29.92163931,82.62713482,14.54747327,11.80401529,2.485801069,8.873533708,4-5 yrs,Heavy,Average,Hot,467.010398,Low
18.62863451,38.444407,602.511909,71.78953985,139.6866569,24.24279825,15.40297228,72.57876243,13.2473557,11.93045765,3.035481591,14.90108844,3-4 yrs,Heavy,Average,Moderate,482.8897705,High
18.89454175,30.09141173,545.348438,84.49399325,133.8516976,36.83895374,27.92106257,62.24749806,13.0798513,12.60052088,3.505488057,9.970569214,2-3 yrs,Heavy,Excellent,Hot,446.5199166,Low
20.85331362,30.87595639,450.4998121,56.07605873,133.9551371,51.40711436,18.90315806,73.08152745,20.13334357,11.6596538,2.985866125,11.48714674,2-3 yrs,Medium,Average,Moderate,372.7927258,High
21.59349526,23.79299277,412.7063407,62.26459514,88.0696757,67.63089238,16.76789219,68.52916721,13.696992,12.08874526,2.67334485,13.74380704,1-2 yrs,Medium,Average,Moderate,337.1655031,Low
19.55976754,39.9278615,441.3621019,78.35636908,147.0943347,76.01526018,24.5063,71.64043133,18.27517326,14.22329092,2.440335221,11.10358088,3-4 yrs,Medium,Excellent,Moderate,374.7266143,High
19.09030294,47.99460345,529.9780173,65.55995545,95.15350634,45.30701237,24.3382883,58.65885246,15.81515432,11.58135069,3.217200356,8.85040478,3-4 yrs,Heavy,Average,Moderate,398.6595519,Low
28.99843247,55.32083536,495.6455035,60.9035397,109.7995364,-2.017430098,15.81701887,50.59064468,13.41715407,12.01278899,2.337972912,9.780455984,4-5 yrs,Medium,Average,Moderate,392.0036696,Low
22.01742575,41.57339397,554.3470229,86.84516177,145.5316119,94.13888344,27.51569889,76.32345731,17.83169503,10.42027045,2.921577818,8.011686241,3-4 yrs,Heavy,Excellent,Hot,441.7948809,High
16.79626957,29.95720887,558.9718876,55.98252263,111.5728399,24.10378289,24.88781758,66.17053177,16.11429706,12.20830412,2.891187926,7.145405825,2-3 yrs,Heavy,Average,Moderate,424.2623247,Low
23.37550864,42.95863206,432.187393,61.15141177,42.83937637,37.08522711,16.8781152,50.95595919,16.61818624,7.632303821,2.608552598,7.700949818,3-4 yrs,Medium,Average,Moderate,322.1208146,High
21.28904764,47.52681932,580.3286615,65.69335824,150.1817383,24.92326562,26.25825982,85.19100978,16.34893636,12.27476517,3.810843606,11.01878214,3-4 yrs,Heavy,Average,Hot,462.4264479,Low
21.58801033,27.59608935,344.9799935,60.13099224,82.61700629,60.25577316,28.67451274,68.72565173,14.70337717,14.07779849,2.691848668,13.98169299,2-3 yrs,Medium,Average,Hot,288.2490999,Low
18.70531794,21.41938939,506.6036413,75.78383674,143.57579,56.10434861,29.22117209,43.36278039,16.91860351,14.9538144,4.144121986,10.38867342,1-2 yrs,Heavy,Excellent,Hot,404.6405341,High
20.51766464,42.87650712,483.613507,81.80772036,78.76844892,60.3243399,24.29900412,43.63845484,16.38213227,8.280115386,2.617836688,6.580270629,3-4 yrs,Medium,Excellent,Moderate,364.1664574,Low
21.53442681,49.09882106,558.5644641,81.97022768,119.1850545,31.89754541,30.87230693,61.00364439,14.92110469,12.41005515,2.900357653,10.35942256,4-5 yrs,Heavy,Excellent,Hot,439.7856842,Low
21.05837059,34.91206774,548.1344342,68.44288508,81.92311069,7.815556886,25.07259797,70.67149574,15.67205553,11.49376623,3.240555661,15.02587276,2-3 yrs,Heavy,Average,Hot,425.7417222,High
19.1186782,45.1033518,603.2228294,72.06207224,178.7676346,30.55042461,23.00235522,61.77474767,16.33749922,12.03983947,3.215140082,8.458957036,3-4 yrs,Heavy,Average,Moderate,495.3272977,High
17.95168935,34.30631028,513.9831121,88.31021785,124.8989384,36.89350683,14.96780109,72.0948113,18.98698259,9.85687253,3.00710894,9.226513951,2-3 yrs,Heavy,Excellent,Cool,415.8659312,High
19.9850534,41.08790158,465.7687393,58.94047526,145.7603474,23.79137802,14.86281558,49.45862189,17.34343525,13.63525944,2.217658782,11.02001137,3-4 yrs,Medium,Average,Cool,391.1536906,High
20.26989542,33.68161527,474.14665,57.81442815,133.1460169,29.13429562,23.21939284,71.73703803,18.03895398,11.87713352,3.859349377,9.383776286,2-3 yrs,Medium,Average,Moderate,394.232384,Low
18.99910978,35.27234692,561.4316377,84.50533458,139.1029554,58.95731313,28.23827838,61.26408653,15.60005954,12.36822982,1.888825573,5.898872623,2-3 yrs,Heavy,Excellent,Hot,446.962544,Low
21.21054371,39.27403057,562.0040921,70.87262439,150.0482075,50.6347943,22.50838489,58.92793607,16.72740279,12.1527858,1.427354611,6.10687986,3-4 yrs,Heavy,Average,Moderate,447.7717015,High
16.76161329,35.28602476,540.8317585,78.60660983,98.22649928,61.21207307,29.67479119,73.00173137,16.06123265,10.36180695,3.449408854,11.50405333,2-3 yrs,Heavy,Excellent,Hot,411.1034298,High
14.97223259,26.17467198,379.0454577,69.58426164,145.818353,63.5783622,19.8819121,58.14329611,14.71272694,12.15659696,2.068070857,10.0369091,2-3 yrs,Medium,Average,Moderate,344.3670082,Low
25.37625282,35.90099011,593.2742427,61.72086214,88.03445394,14.67718959,22.20372057,70.25134097,19.07790769,14.44932707,3.494719147,14.12413902,2-3 yrs,Heavy,Average,Moderate,458.6437428,High
21.15400573,36.19376753,512.928285,66.49004372,159.13968,52.25208363,25.01439678,58.58257455,15.06763663,11.99036934,2.290683969,12.25462056,3-4 yrs,Heavy,Average,Hot,416.3416109,High
18.55722945,32.39207996,347.5839752,71.77004451,112.7116255,40.74286325,20.76069312,53.88106624,13.76050832,11.86535557,1.453480657,4.056489952,2-3 yrs,Medium,Average,Moderate,299.5844985,Low
20.6831281,51.05205112,508.2327985,71.38940933,98.53784105,62.450976,28.25389497,75.65110114,17.22841432,11.54480132,2.34214078,5.560041835,4-5 yrs,Heavy,Average,Hot,380.1737188,High
21.33491437,27.12919663,609.8149382,81.04935841,102.7705305,57.12389006,20.73149395,55.03214217,14.72128435,13.43486452,3.688798828,10.53437735,2-3 yrs,Heavy,Excellent,Moderate,476.9442716,High
19.39331892,36.13188724,553.0192181,69.37007596,126.9519635,66.22485965,28.83892489,70.56675727,17.4141711,12.10426034,3.342995205,12.04540156,3-4 yrs,Heavy,Average,Hot,429.6863068,High
21.02261557,40.649978,460.5167032,82.54362201,116.9178227,42.31403575,23.50393897,61.53078575,16.80617731,11.82095181,2.823989302,14.1151914,3-4 yrs,Medium,Excellent,Moderate,386.0676566,High
21.04371336,54.33240958,529.9874279,91.23778755,85.02578037,58.85473389,25.22498235,63.66188605,16.89876884,13.66530328,2.814756077,3.416651875,4-5 yrs,Heavy,Excellent,Hot,394.799712,High
19.10992073,41.66450602,543.2102578,63.00424712,168.9987332,54.52258,17.34481946,70.85583398,14.9542871,13.08988535,3.096604005,9.655519392,3-4 yrs,Heavy,Average,Moderate,446.9857528,Low
21.76117819,36.46684462,527.2832524,52.01109588,139.723936,77.56970368,23.80079444,64.46356833,17.86916106,13.96062809,3.386192234,11.56695957,3-4 yrs,Heavy,Average,Moderate,419.9231114,Low
20.09252432,32.81314464,492.9757269,74.22377707,120.3509015,14.28690145,17.5134464,75.89859335,17.51523026,12.74991446,2.606747,6.729425905,2-3 yrs,Medium,Average,Moderate,407.4097063,High
23.63202269,34.60711048,371.5788182,59.74245209,131.2254586,45.39828041,17.68818461,67.08567067,17.01328692,14.9268529,3.891562245,13.04962399,2-3 yrs,Medium,Average,Moderate,337.7461476,Low
17.77149549,46.08376751,508.6630584,65.75945459,76.16946705,50.18715598,21.47772507,57.26708521,17.59621877,11.33682626,2.042331113,7.806825334,3-4 yrs,Heavy,Average,Moderate,376.9867984,High
19.13456777,30.87768266,414.972756,51.63881854,99.66749163,36.88499091,26.95348583,85.98980805,17.1609452,13.67391156,3.210885139,5.594783009,2-3 yrs,Medium,Average,Hot,329.8327081,Low
19.38316097,35.64475024,449.7968638,62.61359088,114.452165,53.77814859,29.13260335,79.83537721,16.83783184,14.78678655,3.253768184,10.4930222,2-3 yrs,Medium,Average,Hot,362.3096055,Low
17.17753225,38.60309694,506.9809815,73.1231775,166.8525657,56.5861181,32.31628961,75.90198823,17.73947686,12.54170981,2.567959802,5.597330058,3-4 yrs,Heavy,Average,Hot,418.8148063,High
23.95491422,47.51923961,621.7896946,91.02576362,123.9545259,45.21049815,29.28813862,80.08498962,16.98928206,12.94311914,3.465161589,8.013765979,3-4 yrs,Heavy,Excellent,Hot,478.7208118,High
20.87149779,48.069597,541.2971568,61.89611952,126.1681843,71.12910512,30.5395173,61.28016904,18.35860706,14.17775958,3.171888866,11.78213961,4-5 yrs,Heavy,Average,Hot,420.8636669,Low
16.47198547,40.57201017,538.9112248,74.42696517,119.7936348,64.60501527,25.55728997,76.26671399,15.74528403,13.5147573,2.499190043,8.278852236,3-4 yrs,Heavy,Average,Hot,424.4565351,Low
18.24508393,35.37726641,494.1686044,86.21828156,154.9371696,54.37231841,27.62732757,86.88198407,16.7896632,11.00104637,2.220204216,12.37039718,2-3 yrs,Medium,Excellent,Hot,416.3521431,Low
17.82561485,45.67246758,395.9424725,67.33163935,110.4221537,14.74541344,28.03178551,68.08525857,18.06472975,14.23978258,3.858649056,11.34229449,3-4 yrs,Medium,Average,Hot,336.5638233,Low
22.46769499,30.24659007,314.9575062,67.80236359,149.130461,38.94027542,24.71475946,67.80904252,19.62524402,11.19537388,1.196833075,7.723909338,2-3 yrs,Medium,Average,Moderate,303.218014,Low
28.25827965,45.47908837,375.738104,55.66408947,119.0703232,63.22081197,17.1384713,58.93355318,10.43990819,12.75000453,2.999715842,11.56997084,3-4 yrs,Medium,Average,Moderate,316.8937072,Low
18.08193237,36.14530186,510.7364982,80.45568059,112.9256954,31.41314147,21.58616153,75.3898363,16.555541,11.24197756,3.002822361,10.17200421,3-4 yrs,Heavy,Excellent,Moderate,412.3455617,High
20.79979836,47.23171253,639.0397284,82.58514947,147.7226485,60.11641168,28.29036621,53.26318844,15.21937423,11.33016157,1.819288838,6.998186878,3-4 yrs,Heavy,Excellent,Hot,488.005105,Low
19.43203346,22.25774111,532.8900934,56.45692629,107.2264626,39.86590464,20.78993536,60.86924044,16.09929707,12.6643767,3.343760763,13.55579365,1-2 yrs,Heavy,Average,Moderate,414.4426373,Low
27.52937433,33.67934935,491.5170414,61.43614937,160.9630897,57.96648478,26.45694249,61.58295115,15.42846666,9.626672699,2.748374323,5.340998698,2-3 yrs,Medium,Average,Hot,407.5770731,High
13.11614324,33.57731654,428.6889364,66.78562852,215.2788706,30.09219111,24.71865407,71.7475989,16.26234813,11.51842265,1.35640026,4.001664483,2-3 yrs,Medium,Average,Moderate,399.0679756,Low
17.55063427,25.85153281,424.5666761,49.90984204,98.00346615,67.3779211,20.92731247,47.18517703,15.77201927,12.23787705,2.342740004,8.068916832,2-3 yrs,Medium,Poor,Moderate,332.1826338,Low
15.42936583,24.41725353,446.8364024,63.81734243,93.96143736,39.75520827,22.91553418,66.28804666,17.02556491,11.70231964,3.984527422,8.636426837,2-3 yrs,Medium,Average,Moderate,359.2009963,Low
20.63487122,49.3912056,610.8690643,79.10064229,122.2857794,83.39507098,32.62191731,85.02770138,16.75349551,15.21342768,3.178653531,11.37282585,4-5 yrs,Heavy,Excellent,Hot,456.1268669,Low
19.84129911,42.16174527,432.5106378,61.19874246,106.412454,34.01521783,24.98601917,65.82578154,17.59959215,10.08744227,1.974417853,8.661527872,3-4 yrs,Medium,Average,Moderate,352.8348423,High
16.81336201,25.01374567,534.8319157,66.11055368,162.5495232,40.02197784,32.92131882,82.36828463,18.55194776,12.92357771,2.67646403,11.49365801,2-3 yrs,Heavy,Average,Hot,440.9041259,High
25.52487026,38.72301271,486.30699,48.96166004,133.6270443,25.36972683,22.58601115,66.74920507,13.44937899,12.56654498,2.780610239,9.215138492,3-4 yrs,Medium,Poor,Moderate,396.5512869,Low
19.67343425,25.21794903,491.3704277,91.97018776,163.8311935,102.2663267,25.85061085,73.0713417,16.8971177,11.13441081,3.115872039,12.14820948,2-3 yrs,Medium,Excellent,Hot,421.2924554,High
25.68326979,24.05510556,467.7880586,63.19186518,86.60889355,31.72196512,23.1199011,56.97006471,16.88886988,12.26696439,2.422649478,7.5520016,2-3 yrs,Medium,Average,Moderate,368.5421345,High
22.82471858,40.72402645,500.4153004,59.62980938,75.10584032,4.87793392,22.7590005,51.80735139,12.90470321,13.54139299,3.255400056,7.815960077,3-4 yrs,Heavy,Average,Moderate,375.0137523,Low
16.23037659,34.96535745,635.110723,72.3548281,91.5369407,46.9222547,36.19702377,70.50278175,16.62308018,9.178301214,2.760695651,6.442746168,2-3 yrs,Heavy,Average,Hot,460.9408296,Low
18.61297057,43.59441829,440.2234148,81.59404208,115.7699871,54.3578878,21.91410899,57.61034083,16.02869408,10.59646691,2.600222118,4.06961343,3-4 yrs,Medium,Excellent,Moderate,356.3699992,High
20.69658231,35.03564081,469.3034954,62.14043201,120.1479951,51.88924103,21.26925768,51.2396653,15.18564765,10.06011884,3.309328001,12.00982914,2-3 yrs,Medium,Average,Moderate,383.0689114,Low
18.93906705,42.06985761,518.7041371,82.44284891,166.6250462,57.29533992,30.79751789,72.30291611,17.61401128,13.50826829,2.516438896,6.989796181,3-4 yrs,Heavy,Excellent,Hot,430.1311079,Low
20.4777741,30.54292284,491.9070506,63.3156231,100.7642638,29.781713,30.19000984,69.23447681,17.27866778,11.45897362,3.110138721,14.32808656,2-3 yrs,Medium,Average,Hot,382.8783634,High
20.94579031,24.3111051,489.5598406,63.02238453,134.0149822,29.42905071,19.23763904,57.47912558,17.13963545,13.31963329,3.703319855,11.15676452,2-3 yrs,Medium,Average,Moderate,405.4551029,High
21.97719553,43.74562087,481.5124241,59.43122031,139.1645789,57.62449461,28.25409678,62.99102985,18.28021132,11.96329339,2.816721474,7.048976379,3-4 yrs,Medium,Average,Hot,386.3326036,Low
19.40162897,33.39647836,366.2317243,83.18504612,155.7218337,59.53591253,22.27014296,60.32701412,16.4883155,12.14836015,3.298150803,12.15872057,2-3 yrs,Medium,Excellent,Moderate,335.9830123,High
17.99626616,34.42620233,517.2855614,63.46255722,144.5371173,10.63647364,15.02041732,49.08588719,14.18301563,12.61149837,3.069977954,8.879044545,2-3 yrs,Heavy,Average,Moderate,426.8710428,Low
16.36685862,36.53943912,485.0906188,79.05136293,146.0462273,50.5205584,27.11833181,60.45600718,17.39426464,13.01738044,3.435968258,12.54434916,3-4 yrs,Medium,Excellent,Hot,415.5899537,Low
21.9053836,45.08710953,405.0992334,79.12735783,127.7279932,50.5283418,23.70440091,54.37210653,16.81468775,9.693423956,2.688127788,11.20122709,3-4 yrs,Medium,Excellent,Moderate,349.9430617,Low
21.64962081,25.68531397,414.827811,57.54518721,145.8101219,84.72392272,28.50891959,60.48754679,19.34203879,12.90837265,2.409951591,9.950107128,2-3 yrs,Medium,Average,Hot,354.0807432,High
18.75140568,25.37591292,411.3263891,51.31588276,67.98225987,33.62181918,20.41084577,60.25077891,16.18220398,13.28237846,3.426761307,11.70321699,2-3 yrs,Medium,Average,Moderate,324.7776424,Low
21.71473109,31.67298016,546.3390963,73.93624569,120.815109,54.18714507,32.67945791,60.2507965,12.71277875,13.66780818,3.385296871,15.84665102,2-3 yrs,Heavy,Average,Hot,436.3744582,High
24.2728751,14.17245263,342.1093874,54.00876749,82.68244281,39.40778289,24.94839991,51.0047737,17.83404594,11.19446514,3.717564199,9.101968616,1-2 yrs,Medium,Average,Moderate,291.5277709,Low
26.23205711,43.00592763,490.6120807,84.61700038,191.9260417,84.12431977,27.74862088,76.99174093,18.98712344,12.83657972,2.671496096,8.492284685,3-4 yrs,Medium,Excellent,Hot,434.4287269,Low
18.26542221,32.28309859,350.0107766,66.44801706,123.3014103,64.00964375,31.17236919,76.34774329,17.13076225,12.19933329,3.094052423,9.591304132,2-3 yrs,Medium,Average,Hot,310.5723186,Low
22.11340509,41.9058339,607.1050925,76.43519213,139.8845533,70.85100502,20.2668501,61.34294145,15.27852278,10.90568328,1.675170932,11.6627405,3-4 yrs,Heavy,Excellent,Moderate,470.8242007,High
17.95924396,35.68202591,496.6035962,75.86826853,154.2514165,65.32443775,25.79361949,67.28305289,14.58742347,9.203611738,1.984660916,7.603449248,2-3 yrs,Medium,Excellent,Hot,410.1910297,Low
21.13257209,27.14826909,402.4065547,56.03588402,79.17751835,10.01031273,27.87631634,61.17464629,9.748460204,11.86436128,2.299494049,7.007206633,2-3 yrs,Medium,Average,Hot,325.9260336,Low
19.23178728,30.10439552,555.9577074,63.2074502,171.0466843,46.047851,22.48766215,57.37883584,13.5013519,13.39002183,4.494612911,17.03552735,2-3 yrs,Heavy,Average,Moderate,460.7202645,Low
21.80168534,46.39171954,560.2254157,75.15013514,110.6047537,54.15004009,28.12083087,57.23363282,14.96823754,9.398760424,2.285339973,6.806443,3-4 yrs,Heavy,Excellent,Hot,422.486494,High
16.48528417,25.57810652,576.9014705,69.77722681,88.61454653,72.09298576,26.33379998,69.57571761,13.89464269,8.423241652,2.917678456,15.74720101,2-3 yrs,Heavy,Average,Hot,426.4292018,High
24.1045145,42.89734477,584.8762237,57.32004177,114.882834,64.25091963,16.49085649,70.75912214,17.12528903,12.03808627,3.257347575,11.02249589,3-4 yrs,Heavy,Average,Moderate,447.6317906,High
19.13462774,29.79544156,534.0039398,76.63593179,144.0936696,67.00147495,22.32016802,65.88137174,16.32553871,12.99247413,3.031982606,13.28870131,2-3 yrs,Heavy,Excellent,Moderate,434.4192363,High
18.94296711,38.13507426,473.857205,89.79646045,89.52903555,39.93860097,23.38424906,53.70874027,14.98366221,11.5666568,3.255396338,11.88602434,3-4 yrs,Medium,Excellent,Moderate,371.5546149,Low
19.63388278,35.05717961,661.8415018,70.70707057,118.142632,61.24653079,31.65393258,60.33619292,17.47796408,14.07188945,4.001699398,5.703775935,2-3 yrs,Heavy,Average,Hot,489.9136621,Low
19.66910551,30.37508488,481.2989691,81.82972684,160.9511701,26.06311379,17.86377184,49.1651643,18.43608946,12.82452313,3.382200889,8.105523698,2-3 yrs,Medium,Excellent,Moderate,413.9444846,High
25.97048204,48.65341283,398.2658518,78.81226529,154.2210311,67.07659022,27.58580733,66.0315174,13.39813074,8.922512599,2.909826904,8.819165218,4-5 yrs,Medium,Excellent,Hot,348.2814037,High
16.91701099,36.44727112,340.1968495,43.90375322,46.76860343,51.26267723,19.01248332,54.90352319,15.78256511,14.69212359,3.293970405,16.04383586,3-4 yrs,Medium,Poor,Moderate,265.3744153,Low
24.56773535,10.63267519,396.5648663,45.97531955,137.0744439,58.92691665,19.681236,57.47531954,16.48320708,11.93054047,3.056147815,9.342256979,<1 yr,Medium,Poor,Moderate,346.0565869,Low
17.72084718,35.12869098,436.6688863,81.70547921,165.1806603,85.54914232,23.3531427,61.4876993,17.67905745,12.26995233,3.084893681,7.985034052,2-3 yrs,Medium,Excellent,Moderate,379.7518289,Low
20.5352636,36.82355387,639.3159701,64.62355263,111.7418289,43.20975124,29.84457025,59.51330121,15.43395785,11.36896019,2.31659213,7.467441993,3-4 yrs,Heavy,Average,Hot,469.4771434,High
13.26232909,27.61149859,548.889831,72.11786005,114.0877247,42.84664649,29.08552792,66.69710888,15.10563992,11.78373501,3.244799775,12.98757649,2-3 yrs,Heavy,Average,Hot,424.8008793,Low
18.42966795,39.15847319,526.246213,73.93725791,162.9130874,56.55716029,28.30290141,65.82534343,17.69784409,8.977679774,3.588618983,7.253333682,3-4 yrs,Heavy,Average,Hot,434.6649938,High
21.98206076,34.66041416,441.5874898,61.27136132,166.5222461,96.2216135,33.32776604,64.75208743,15.70512148,13.19048667,2.84196051,14.16636589,2-3 yrs,Medium,Average,Hot,371.8753603,Low
21.14942082,33.02187682,508.4578471,68.92195958,125.18534,47.4588568,22.80014386,64.80371779,13.65158087,11.69214006,2.984225406,4.841436939,2-3 yrs,Heavy,Average,Moderate,409.2662789,High
23.38023176,58.65055386,601.2155188,78.22680604,91.64619856,35.14109151,25.58896973,54.19513735,15.06498502,12.88840887,2.615350351,12.35601029,4-5 yrs,Heavy,Excellent,Hot,444.192874,High
16.10772244,9.689010262,366.9433116,66.52588003,87.45164845,67.6645132,27.63260885,67.18297513,17.30155677,11.80328045,3.029587496,7.65522364,<1 yr,Medium,Average,Hot,303.3678101,High
15.30130677,41.61793244,426.2429269,62.96281356,137.5823951,37.50870422,19.38701702,65.5744626,16.05764981,12.22395065,2.306652359,9.079457816,3-4 yrs,Medium,Average,Moderate,360.4764389,Low